customer_id,customer_name,email,location,signup_date
1,Allison Hill,christopher86@gmail.com,North Lindaville,2025-03-30
2,Noah Rhodes,cwood@gmail.com,Lake Allenchester,2023-07-29
3,Angie Henderson,omarshall@yahoo.com,South Karenside,2024-01-04
4,Daniel Wagner,karencontreras@barnett.biz,Lake Seanshire,2024-08-26
5,Cristian Santos,randallloretta@sheppard-mcdaniel.info,Lake Kellychester,2023-10-26
6,Connie Lawrence,zevans@johnson.org,East Kimberly,2024-11-27
7,Abigail Shaffer,averyshane@stanton.com,Wilsonfort,2024-01-26
8,Gina Moore,rmiller@harris-carson.com,West Tammymouth,2023-07-18
9,Gabrielle Davis,renee11@yahoo.com,Odonnellfurt,2024-07-16
10,Ryan Munoz,melissa87@gmail.com,West Kimberlyhaven,2023-12-19
11,Monica Herrera,perryeddie@hotmail.com,Josephview,2025-04-05
12,Jamie Arnold,hartcraig@dillon-beard.biz,Marychester,2024-12-18
13,Lisa Hensley,kpena@hotmail.com,North Rachel,2023-12-15
14,Michele Williams,jacksonrichard@hotmail.com,Johnsontown,2024-01-04
15,Dylan Miller,fosternatasha@hotmail.com,Port Nicholas,2025-05-07
16,Brian Ramirez,reesesamantha@smith-roth.com,Matthewshire,2023-12-20
17,Holly Wood,megan13@gmail.com,Allenfurt,2024-06-04
18,Derek Zuniga,uschroeder@yahoo.com,New Deanna,2024-11-12
19,Lisa Jackson,lopezjason@yahoo.com,Port Sarahchester,2025-03-19
20,Carla Gray,lori82@gmail.com,Lake Peter,2023-12-12
21,Margaret Hawkins DDS,htaylor@hotmail.com,South Rebecca,2023-10-18
22,Patty Perez,jameswhitaker@wright.com,South Jerry,2023-07-07
23,Ethan Adams,joshuacolon@hotmail.com,New David,2024-02-13
24,Tommy Walter,maldonadojohn@yahoo.com,Cameronview,2024-01-03
25,Matthew Foster,susanwells@hotmail.com,West James,2023-07-14
26,Judy Baker,frank41@yahoo.com,North Samuelshire,2025-04-24
27,Justin Baker,kwilliams@vincent.com,North Christine,2024-10-15
28,Stephanie Ross,denise80@smith.org,New Patrickberg,2024-07-07
29,Zachary Hicks,johnnytrujillo@marquez-fletcher.com,Waltersstad,2025-04-08
30,Anthony Rodriguez,dyork@yahoo.com,East Denise,2024-06-02
31,Rebecca Henderson,hturner@sanders.com,West James,2024-05-14
32,James Ferrell,gabrielle71@yahoo.com,Lake Kimberly,2024-09-02
33,Tricia Valencia,michelle44@gmail.com,Townsendton,2024-08-29
34,Nathan Maldonado,racheltrujillo@powell.com,Christopherberg,2024-09-11
35,Debra Davidson,jordan66@yahoo.com,Lake Traciville,2023-11-24
36,Jeffrey Chavez,matthewreeves@nichols.com,South Saraville,2024-05-13
37,Sherri Baker,marywalter@gmail.com,East Justinburgh,2023-11-19
38,Cassandra Gaines,ruizjoyce@hotmail.com,North Troystad,2025-04-16
39,Elizabeth Fowler,destiny35@garner.biz,South Craig,2024-08-03
40,Brittany Farmer,jorge47@gmail.com,South Charlesland,2024-09-21
41,Paula Moreno,delacruzbrandy@hotmail.com,Lake Robert,2024-05-03
42,Fred Smith,gpreston@dillon.net,Cynthiamouth,2024-10-27
43,Sherry Decker,jbrown@gmail.com,East Kent,2024-09-16
44,Anthony Humphrey,robert97@stewart.com,Lake Ashley,2025-05-18
45,Angelica Tucker,lcook@walters-smith.com,North Theresastad,2025-05-28
46,Philip Cannon,barbaramoore@anderson.biz,Cooleyside,2024-04-23
47,John Pierce,ysanford@gmail.com,East Aimeeview,2025-01-28
48,Shane Henderson,jessicadodson@sherman-schmidt.com,East Catherineside,2024-01-17
49,Joshua Blair,jeremywiley@anderson-reyes.org,New Williamberg,2024-12-27
50,Eric Carney,cameronwilliams@yahoo.com,Port Michael,2025-03-07
51,Jessica Holmes,ryan25@yahoo.com,North Mark,2024-04-05
52,Danny Morgan,frederickmeadows@yahoo.com,North Jessica,2025-03-13
53,Crystal Robinson,jeffreymercer@gross.net,West Joshua,2025-03-11
54,Mark Perez,richardsondebra@brooks.com,North Michael,2024-01-18
55,Shannon Jones,stanleydesiree@williams.biz,Stuartfort,2024-05-28
56,Michael Lewis,qmartinez@yahoo.com,Huntfurt,2024-04-10
57,Timothy Duncan,heathermccoy@fisher-garcia.net,West Gerald,2024-04-06
58,Richard Aguirre,robertroach@hotmail.com,Suzanneville,2025-05-27
59,Brent Jordan,daniel17@lynch.net,Gabrielborough,2025-06-15
60,John Daniel,jade42@kelley.info,Hamiltonmouth,2025-06-24
61,Victoria Garcia,aaronpowers@gmail.com,Carlsonview,2023-12-27
62,Gerald Hensley,stacychan@gmail.com,Cindyfurt,2024-03-02
63,Connor West,dawn74@marshall-garcia.com,Gonzalezstad,2024-08-20
64,Donald Wright,michael56@wilson.com,Rachaelland,2024-03-31
65,Jessica Callahan,markkline@adams.com,Jacksonton,2023-08-26
66,Amber Kidd,moralessuzanne@houston-vaughn.info,Brendaport,2024-12-17
67,Tracy House,danielhorton@gmail.com,Raymondville,2023-10-10
68,Carol Tucker,perrybrittany@gregory.com,Port Marcus,2024-03-03
69,James Brown,timothyfreeman@alexander-brown.com,West John,2025-04-25
70,William Baker,tiffanysantiago@stone-watts.org,Lake Nathan,2025-03-31
71,Jordan Henderson,pstanley@reed-rhodes.biz,Port Leonard,2024-12-24
72,Whitney Peters,smithsarah@allison.com,West Haleymouth,2024-01-05
73,Brittney Phillips,john40@hotmail.com,South Ashley,2025-03-06
74,Lauren Daniels,ppowell@stevens.info,Rachelside,2024-08-19
75,Amy Silva,hwest@mcgee-smith.biz,South Justinborough,2024-09-19
76,Sarah Moore,hawkinsaaron@gmail.com,North Ann,2023-10-06
77,Angela Lopez,diamondbryant@yahoo.com,New Patriciachester,2023-09-11
78,Megan Young,velasquezmegan@yahoo.com,Stewartmouth,2025-06-09
79,Steve Sanchez,jennifer11@hotmail.com,East Brandon,2025-02-26
80,Lisa Barnes,petersonmaria@kelley-brooks.com,Jimenezview,2024-07-26
81,Kelly Donovan,travisunderwood@griffith.com,Wilsonmouth,2024-12-29
82,Mike Allen,ylewis@love.biz,New Mark,2024-07-01
83,Michael Evans,bartonshannon@lawrence.com,Youngtown,2024-08-16
84,Paul Jones,eroberson@norman.com,Andrewshire,2024-02-26
85,Zachary Ferrell,hughescaroline@gordon-cruz.org,South Justinfurt,2023-09-17
86,Daniel Baker,raymond54@ballard-taylor.org,New Samanthaton,2025-03-16
87,Shirley Suarez,jennifer83@gmail.com,Deannaland,2025-03-30
88,Christopher Bass,glenda22@daniels.com,Davischester,2024-10-09
89,Lisa Archer,icraig@yahoo.com,Joshuastad,2023-12-21
90,Aimee Montoya,millsanthony@gmail.com,Millermouth,2025-01-07
91,Matthew Mcmillan,gonzalezkaren@terrell.com,Salazarfurt,2024-03-24
92,Brian Rodriguez,vaughnkenneth@johnson.net,Heathermouth,2025-01-05
93,Denise Jacobs,yyoung@roberts.biz,Allisonville,2024-12-24
94,Christina Walters,tammy00@hotmail.com,Sharonville,2024-11-09
95,John Whitehead,christinenorman@yahoo.com,East Brandontown,2024-08-31
96,Anna Henderson,kari89@parsons.com,North Victoria,2025-03-26
97,Aaron Wise,tonyajones@gmail.com,Perezland,2023-12-18
98,Deborah Figueroa,rwilliams@baker.com,Lake Rachel,2024-06-23
99,Jessica Smith,jmckinney@gmail.com,Lisaside,2024-01-23
100,Stephen Mckee,candice94@tyler-pierce.com,Lake Mirandaview,2024-09-16
101,Sandra Aguilar,susanmeyer@hotmail.com,North Brandonport,2025-04-07
102,Cameron Parker,zdaniels@bailey.com,West Markfurt,2023-08-08
103,Rebecca Valencia,kelly98@yahoo.com,Hollyberg,2024-06-19
104,Christine Wright,caldwellsean@austin.com,Wilsonmouth,2024-10-20
105,Richard Henson,cruzamber@yahoo.com,Port Breanna,2024-06-02
106,Marc Moore,willie87@williams-villanueva.com,Walshville,2024-07-18
107,Sharon Cherry,vaughangary@hotmail.com,New Timothy,2024-09-29
108,Sierra Johnson,clarkcrystal@hancock.com,Braymouth,2024-05-31
109,Evelyn Galvan,elucas@parks.com,Perezview,2023-08-17
110,Sharon Cochran,brownlaura@jones.biz,Jenniferstad,2023-11-08
111,Richard Rodriguez,bmccoy@yahoo.com,Lake Deborah,2023-07-15
112,Shannon Walker,inunez@may.com,Lake Christian,2024-09-04
113,Julia Torres,howardwesley@buchanan-turner.com,Browntown,2024-06-10
114,Crystal Johnson,qjames@gmail.com,South Lori,2024-09-04
115,Garrett Lin,amandataylor@yahoo.com,South Dan,2024-11-14
116,Diana May,kennetheaton@hotmail.com,Port Brittany,2023-08-11
117,William Herrera,spencerangela@gmail.com,Kathleenport,2025-05-23
118,Ashley Waller,armstrongphillip@arroyo.com,Rioshaven,2024-03-23
119,Victor Baker,gwhitehead@martin.org,East Jefferystad,2024-07-02
120,Jeffrey Chandler,dannylambert@hotmail.com,Hesterhaven,2025-05-01
121,Larry Dixon,enewman@powers-king.com,Port Ricardo,2024-12-27
122,Kenneth Scott,michael31@yahoo.com,West Rodneyport,2023-10-20
123,April Frost,louishayes@hopkins.org,East Stevenville,2023-08-16
124,Michelle Harmon,susan20@yahoo.com,East Allenmouth,2024-12-08
125,Helen Jones,jenniferdavidson@larsen-taylor.com,West Anthony,2024-03-29
126,Erin Edwards,xgriffin@yahoo.com,Bellville,2023-08-17
127,Michelle Evans,thompsoncatherine@yahoo.com,West Ryanberg,2025-01-06
128,Jason Powell,josemercado@luna.net,Shawhaven,2024-01-28
129,Cameron Fisher,nhammond@arnold.net,Brianview,2024-09-12
130,Megan Orr,michaelwalker@hotmail.com,Coreyfurt,2024-01-09
131,Elizabeth Kelley,stevendixon@yahoo.com,Leeborough,2025-05-24
132,Dustin Jordan,batesmelanie@hotmail.com,Thompsonview,2025-01-13
133,Mary Marshall,seanwhite@hopkins.info,Stoneville,2023-07-19
134,Daniel Kennedy,robinsontony@gmail.com,Lake Johnville,2025-01-02
135,Rebecca Jackson,jim38@yahoo.com,North Brian,2024-10-04
136,Jose Schultz,chardin@gmail.com,New Josephland,2024-07-13
137,Robert Potter,padillaadrienne@yahoo.com,West Jeremyfurt,2024-05-27
138,Courtney Gonzalez,nicholasgray@hotmail.com,Longbury,2024-12-25
139,David Alvarez,nicholas38@gomez-parrish.info,Tylerburgh,2025-02-10
140,Angel Perry,shawdon@gmail.com,West Dana,2023-10-09
141,Cheyenne Horton,robertsonjuan@lopez.org,Jessicaville,2024-04-30
142,David Douglas Jr.,robertrivera@olson.info,New Rebecca,2023-12-12
143,Patricia Rodriguez,deborahjenkins@williams.org,Stevensonbury,2024-11-23
144,Christopher Rubio,crystalwilliams@thomas.net,West Erin,2024-06-13
145,Amber Wright,johnsjessica@yahoo.com,East Martin,2024-02-23
146,Joyce Solis,shanehaney@jackson-greer.org,Thomastown,2024-08-19
147,Victoria Larson,cindydixon@ramsey.info,Pattersontown,2024-12-20
148,Stephanie Salazar,nicholasanderson@harris.biz,West Nicole,2024-12-03
149,Kathy Rivas,thompsonrachel@williams.com,Lake Kathleen,2024-02-19
150,Stephanie Manning,mhopkins@carey.biz,New Michaelfort,2024-03-10
151,David Wright,nancy86@gmail.com,South Morganfort,2023-12-25
152,Pamela Boyd,zbell@hotmail.com,North Lorishire,2024-09-12
153,Denise Jones,eanderson@kent.com,Maryhaven,2025-03-09
154,Devon Flores,jacob09@hotmail.com,Port Dwayne,2025-05-08
155,Brenda Hall,brooksjamie@ortiz-rodriguez.biz,North Kevinmouth,2024-07-26
156,Michelle Brown,melissa69@yahoo.com,Henrystad,2024-05-09
157,Joshua Perry,afischer@hotmail.com,Elizabethview,2023-10-18
158,Jason Stein,mitchellpeters@yahoo.com,Stephenstad,2025-02-12
159,Melissa Gates,kim62@hotmail.com,Jenniferhaven,2024-08-20
160,Jamie Smith,seanlyons@garcia.biz,Rodriguezhaven,2024-12-08
161,Paul Castaneda,martintamara@gmail.com,East Tiffanybury,2024-09-25
162,Jennifer Adkins,thomasburke@brown.com,West Tyler,2024-02-27
163,Lindsey Walker,ramseysarah@mendez-meyer.org,New Joyce,2025-04-28
164,Jeffrey Johnson,daniellegonzales@jefferson.com,Howardland,2023-07-03
165,Michael Powell,bowerswilliam@hall.com,South Danielle,2024-10-13
166,John Anderson,christopherhill@gomez-foster.org,Natalieside,2023-08-08
167,Alyssa Long,mclaughlincasey@dunn.net,Archerhaven,2025-01-01
168,Alyssa Day,sylvia43@hotmail.com,West Renee,2025-02-03
169,Joel Williams,kspears@green.net,Pamelafurt,2024-04-01
170,Daniel Murphy,gordonmatthew@pratt.net,Landryview,2024-09-26
171,Jamie Walton,kchurch@yahoo.com,Jamesshire,2023-09-28
172,Darlene Miller,susan77@atkins.biz,Maryville,2025-02-18
173,Joshua Cooke,laurengutierrez@black-smith.com,Popeshire,2023-08-22
174,Matthew Harrington,christopher51@velazquez.org,Keithtown,2024-10-16
175,Nicole Herring,staceyvega@gmail.com,Hoberg,2023-08-16
176,Alex Hernandez,jimmyallen@yahoo.com,Beckerhaven,2024-08-12
177,Michael Elliott,jameswright@kelly.com,Cindyburgh,2024-05-14
178,Michael Wang,duranamber@gmail.com,Tommyland,2025-01-15
179,Lawrence Adkins,christine79@yahoo.com,Alexiston,2023-10-31
180,Robert Oconnell,traceymoon@yahoo.com,West Margaret,2025-01-16
181,Alexander Collins,karenanderson@hotmail.com,North Tracytown,2023-11-26
182,Tina Sanders,cayers@hotmail.com,Belltown,2024-01-07
183,Angela Vaughn,xdalton@gmail.com,West Devinport,2024-10-07
184,Ashley Barton,wolfesteve@hotmail.com,North Jennifer,2025-02-17
185,Lindsay Martinez,craignicolas@nguyen.com,Lake James,2025-02-06
186,Dr. Hannah Patterson,joel79@diaz-jimenez.com,West Jefferyfort,2023-11-14
187,Jonathan Peterson,michael64@yahoo.com,Johnfurt,2025-04-07
188,Samantha Garcia,tiffanyparks@le.net,Rossville,2023-11-15
189,Madison Poole,zgonzalez@hotmail.com,Samanthaport,2023-07-20
190,Jessica Gross,lshaffer@porter-cowan.net,New Ryan,2024-11-13
191,Debra Morton,jevans@hotmail.com,Lindaberg,2025-06-18
192,Karen Graham,kgarcia@lewis.info,West Derek,2024-07-16
193,Debra Christian,qgarner@ward-grant.com,West Kevin,2025-01-13
194,Angelica Keith,jenkinsmichael@hotmail.com,Ashleymouth,2023-09-28
195,John Bishop,tiffanymitchell@nunez-freeman.info,South Kimberly,2024-03-11
196,Allen Rosales,daustin@frye.com,Davishaven,2023-09-05
197,Daniel Salinas,esweeney@gmail.com,Bensonhaven,2023-09-09
198,Spencer Haynes,jeremy54@adams.info,Taylorchester,2024-05-06
199,Adam Vaughan,lgutierrez@gmail.com,Fisherchester,2024-09-15
200,Nathan Freeman,ebonyshepard@brady.com,Johnsonside,2024-12-23
201,Melissa Brewer,bkelley@warren-ferrell.com,Port Robertberg,2024-12-11
202,Ricky Davis II,christopherhuynh@yahoo.com,Kristinshire,2024-04-23
203,Elizabeth Perkins,johnmitchell@hotmail.com,Davidside,2025-03-14
204,Joseph Coleman,alisonjackson@alvarado.info,Brianfurt,2024-05-09
205,Erin Warner,amy28@gmail.com,South Elizabeth,2024-04-19
206,David Martinez,omills@hotmail.com,Aguirrehaven,2024-12-19
207,Bryan Herrera,timothy31@yahoo.com,Combsland,2024-06-30
208,Cathy Robinson,robert24@gmail.com,West Mariaville,2023-10-13
209,Dr. William Warren,mauriceharrison@watts.info,Brookeport,2025-04-16
210,Brian Lee,cannonlauren@hotmail.com,Vaughnton,2024-03-20
211,Christopher Smith,kelleyjacob@kim.biz,Lake Brendahaven,2023-11-17
212,Denise Mccann,josehenderson@gmail.com,Lake Jamieberg,2023-09-10
213,Melissa Martinez,deborah84@yahoo.com,Taylorberg,2024-02-24
214,Katherine Salas,whitekeith@gibson.info,Courtneytown,2024-03-29
215,Julie Alexander,andrew08@lopez.com,Hansonborough,2023-11-12
216,Anthony Everett,jenniferacosta@gmail.com,North Aaronville,2024-12-28
217,Rodney Morales,alexisrobinson@collins-lloyd.com,East Jamesfort,2024-05-27
218,Mark Brown,riveramegan@gmail.com,Port Williamfurt,2025-05-10
219,Justin Torres,kimberly18@white-huang.com,North Kevinfort,2024-01-09
220,Bailey Duran DDS,martinezkayla@gmail.com,Port Jimmy,2024-07-20
221,Courtney Mills,cwright@gmail.com,Lorrainemouth,2023-09-06
222,Jeremy Dalton,boydtina@yahoo.com,South Dustintown,2023-11-18
223,Elizabeth Oliver DDS,sharon20@hotmail.com,East Lori,2024-01-16
224,Theresa Clark,timothy43@clay-boyer.com,East William,2024-05-04
225,Matthew Moore,cynthianguyen@bauer.com,South Timothy,2023-11-30
226,Benjamin Smith,albertwilliams@hotmail.com,Elizabethshire,2023-12-21
227,Kirk Carter,nathandavis@gmail.com,Richardsonview,2024-03-26
228,Michael Warner,parksmatthew@hotmail.com,Cruzville,2024-11-11
229,Michael Bradshaw,kellyeric@moody.net,Butlerchester,2024-10-31
230,Lori Guerrero,bquinn@hotmail.com,North Justin,2023-08-30
231,Jessica Stephens,jennifer40@yahoo.com,New Pedroshire,2024-03-17
232,Susan Serrano,amy73@hotmail.com,Austinmouth,2024-06-12
233,Christopher Parker,mario74@rocha.com,West Sydneymouth,2025-01-31
234,Laura Roberts,lori85@yahoo.com,Hillburgh,2023-09-09
235,Michael Lyons,bgross@vincent.com,Vincenthaven,2024-08-07
236,Kathryn Snyder,alexandriajimenez@hotmail.com,West Rachel,2024-01-14
237,Andrew Reynolds,marcus51@mills.com,Palmerburgh,2023-07-13
238,David Davis,morganharris@lee-johnson.biz,West Diana,2025-05-10
239,Sara Johnston,brandon39@hotmail.com,Stephenberg,2024-10-10
240,Yvonne Chambers,conradjason@hebert-collier.info,Kristenport,2023-08-14
241,Andrew Avila,angela65@brown.com,Jonesfort,2024-09-02
242,Matthew Moon,blackburnsusan@gmail.com,Estesburgh,2023-08-12
243,Kevin Walters,amandalopez@sandoval.net,Davidmouth,2024-12-09
244,Brandon Bailey MD,mirandabarbara@hotmail.com,Breannafurt,2024-04-12
245,Shannon Rivera,kandrade@gmail.com,North Anthonyburgh,2023-09-10
246,Donna Landry,diane89@yahoo.com,North Elizabeth,2023-11-05
247,Krista Gibson,andrea55@yahoo.com,Villafort,2023-06-29
248,Frank Cordova,charlene98@gmail.com,Kathleenbury,2024-08-11
249,Jose Travis,michael77@yahoo.com,East Jessicafurt,2023-07-07
250,Kimberly Gutierrez,birdcaitlin@taylor.com,Nielsenton,2023-07-01
251,Isaiah Avila,andrew48@hawkins.com,Dannyland,2024-03-07
252,Olivia Harris,eric45@hotmail.com,Hinestown,2024-04-21
253,Tanya Kim,jonathanevans@ross.com,West Daniel,2024-02-20
254,Barbara Dudley,tracynolan@hotmail.com,Grayshire,2023-07-19
255,Cynthia Moore,benjamin96@deleon.com,East Johnny,2025-03-10
256,Kristen Davis,hconrad@gmail.com,Sheltonbury,2025-05-31
257,Susan Murray MD,hbrown@flores.com,Lake Fernando,2024-09-11
258,Kathleen Moran,ericnunez@yahoo.com,North Brandi,2024-09-07
259,Denise Davenport,walkerkeith@yahoo.com,East Arthurberg,2024-04-14
260,Mrs. Kristen Reyes,matthewalvarez@williams.net,West Kimshire,2025-04-25
261,Katie Suarez,kathleencastillo@gmail.com,West Jacobhaven,2023-08-20
262,Desiree Tyler,mpearson@hotmail.com,Leeborough,2023-11-08
263,Timothy Romero,charlesfrank@cohen-johnston.com,Masonstad,2023-11-21
264,Diane Evans,mdiaz@yahoo.com,Port Carlos,2024-11-03
265,Yvonne Burns,carrillogary@yahoo.com,Garrettland,2024-10-22
266,Joshua Reed,scottglass@gmail.com,East Kimberlyport,2024-07-18
267,Kimberly Gibson,eric11@brown.com,North Victorton,2023-11-16
268,Colin Terry,heather14@ruiz-rivera.net,Andrewport,2024-08-16
269,Cynthia Rowe,amychristensen@webb.com,Peterstad,2023-12-14
270,Patrick Thornton,scottbrian@gmail.com,Port Monicaport,2024-03-22
271,Jasmin Alvarado,marshallsierra@gmail.com,New Barbarahaven,2023-09-11
272,Veronica Simpson,elizabeth51@gmail.com,Reginaldton,2025-05-05
273,Jonathan Lawrence,yhall@hotmail.com,New Thomasview,2024-12-09
274,Shelly Alexander,todd98@lopez.info,North Matthewview,2025-06-05
275,Joyce Bowen,wrightalyssa@burns-garner.com,West Pamela,2023-10-26
276,Matthew Moore,michael43@hotmail.com,East Jamesmouth,2024-10-05
277,Wayne Morgan,garrettnatasha@gmail.com,East Trevorshire,2024-04-13
278,Marie Christian,edwardprince@hotmail.com,West Tinachester,2024-09-15
279,Shannon James,blairabigail@salazar.com,New Timothyberg,2023-11-12
280,Nathan Malone,mwaller@cole-anderson.com,Jenniferville,2025-05-20
281,Amanda Jones,kylethornton@browning.com,South Williamstad,2024-06-04
282,Tammie Bright,carlos81@stewart.com,Woodsbury,2024-12-27
283,Jessica Garcia,tali@yahoo.com,North Anthonyborough,2025-04-15
284,Shelia Wallace,kimberlyrodriguez@gmail.com,Flemingtown,2025-05-11
285,Stephanie Williams,catherine93@hall.info,Williamsfurt,2025-02-16
286,Elaine Brooks,xjoseph@christian.info,South Jacqueline,2023-11-12
287,Joseph Knight,jamesjohnson@schaefer.com,North Samuel,2024-07-26
288,Carolyn Miller,carlho@camacho-burns.com,Michaelmouth,2023-10-21
289,Lisa Allen,ronaldparsons@hotmail.com,Hullbury,2025-03-21
290,Briana Murray,phillip99@hotmail.com,North Brianna,2025-03-25
291,David Smith,hayesmargaret@rich.net,South Julie,2024-06-07
292,Stephanie Byrd,grantzachary@hotmail.com,Port Alexisbury,2023-07-21
293,Jeremy Reed,kellysanders@ayala-mitchell.com,North Brianmouth,2024-10-23
294,Margaret Coleman,christie08@gmail.com,West Bradley,2023-07-28
295,Ryan Gonzalez,gdavis@gmail.com,Carriebury,2025-06-23
296,John Young,phillipmorris@white.com,Davidfurt,2024-08-18
297,Laura Haney,wrightheather@hotmail.com,Sandovalland,2025-05-17
298,William Barrett,davisjasmin@cox.net,West Shawnaborough,2025-03-05
299,Keith Jennings,cpierce@barr.com,Thorntonstad,2025-06-27
300,Amber Obrien,haroldjoseph@parker-cross.info,South Jennifer,2023-09-29
301,Tanner Mitchell DDS,davidanderson@gmail.com,Kimberlyport,2025-03-15
302,Heather Fields,alexander77@aguirre.com,New Patricia,2025-06-22
303,Megan Le,fortiz@hotmail.com,Heidihaven,2024-02-25
304,Sara Fuller,nicoleramirez@grant.com,North Michaelchester,2025-06-23
305,Maria Parker,benjamin09@evans.biz,Ramirezborough,2024-02-09
306,Kevin Oconnor,emilycarr@graves.info,Port Theresa,2023-09-19
307,Edward Burgess,daviskevin@yahoo.com,West Judy,2024-03-25
308,Carlos Ryan,changmegan@gmail.com,North Nathan,2024-12-09
309,Kiara Mcintyre,staylor@yahoo.com,North Tiffany,2023-11-15
310,Dawn Summers,swarren@gmail.com,Santosmouth,2024-09-28
311,Dr. Paul Morgan,duncantiffany@benitez.com,North Victorton,2024-08-03
312,Victor Taylor,jordan99@yahoo.com,Joshuafurt,2023-11-05
313,Shannon Ramsey,ostone@vasquez-white.org,Margaretland,2025-05-27
314,Tracy Ballard,tiffany01@marshall.com,West Melissafurt,2023-09-13
315,Richard Smith,wwilliams@hotmail.com,Smithfurt,2024-07-18
316,Jordan Chambers,davidsonhannah@tyler-parker.net,Wallacebury,2023-11-25
317,Lauren Carson,wilsonmathew@yahoo.com,South Jack,2024-10-08
318,Ashley Hall,jamesbass@mendoza.com,Patelport,2023-10-26
319,Stephen Hoffman,courtneymcclain@hotmail.com,New Kathryntown,2024-10-16
320,Connie Brown,abowers@hotmail.com,Sandraview,2025-06-11
321,Susan Turner,annette58@smith.com,Port Anthony,2024-03-16
322,Charles Shah,juanjohnson@sims-kirby.org,Glennton,2025-06-25
323,Johnathan Davis,brookehancock@yahoo.com,New Paulport,2024-06-15
324,Brandy Chavez,nelsonchristopher@gmail.com,Colemanshire,2025-06-18
325,Natalie Bautista,tgallegos@gmail.com,Franciscofurt,2024-11-20
326,Patrick Moore,danielglover@gmail.com,Reesebury,2024-08-26
327,Brett Burns,zhunter@stein-moore.com,North Juan,2025-04-04
328,Trevor Johnson,kimberly21@hotmail.com,Christopherbury,2024-04-25
329,Jeremy Sampson,jennystevens@hancock.com,Matthewfurt,2025-02-25
330,Ariana Jennings,steven01@miranda.com,New Joshuaview,2024-06-09
331,Vanessa Howard,james44@flores.com,Kimberlytown,2023-09-26
332,Colton Martinez,danny98@garcia.com,West Ashleymouth,2024-11-28
333,Jordan Bates,audrey21@austin-morgan.info,Melaniemouth,2024-08-31
334,Linda Smith,anthonyberger@rodriguez.com,Smithtown,2023-08-17
335,Dana Martinez,mwhite@hotmail.com,Johnsonstad,2024-03-16
336,Andrea Hubbard,larry38@gmail.com,Littleside,2024-01-05
337,Daniel Kane,christopherlang@hotmail.com,South Brian,2024-04-07
338,Charles Lester,bryantgabrielle@hotmail.com,West Pennyside,2023-10-15
339,Scott Thomas,ohall@gmail.com,Stephaniemouth,2023-12-30
340,David Thompson,philip55@yahoo.com,West Katie,2025-03-24
341,Allison Smith,jonesdaniel@yahoo.com,Jordanfort,2024-07-13
342,Cynthia Morris,justinbailey@hotmail.com,East Crystal,2023-11-21
343,Anthony Harmon,sullivanjennifer@nguyen.com,Port Christine,2025-03-05
344,Nichole Alvarez,amorales@gmail.com,East Dannyton,2024-05-07
345,Kayla Rodriguez,terrireyes@clark-benson.biz,Lake William,2023-07-30
346,Theresa Williams,amy32@hotmail.com,Rileyton,2024-04-01
347,Sharon Boyd,mwilson@nguyen-davis.info,North Stephanie,2023-08-12
348,Victor Brown,stephanie19@jennings.biz,Theresatown,2025-06-08
349,James Parks,dnewman@gmail.com,Amberton,2025-06-12
350,Theodore Jones Jr.,paigeberger@pacheco.info,West Daniel,2024-07-05
351,Ana Hill,cgilbert@gmail.com,Wilsonland,2025-03-18
352,Kimberly Nguyen,kevin46@haas.com,East Mark,2025-04-13
353,Kerry Chavez DDS,melissabrown@hotmail.com,Mariachester,2025-06-03
354,Michael Farrell,warnerlori@rodriguez-campbell.com,Lake Ronaldport,2024-11-21
355,Patricia Le,zpark@flores.net,North Mark,2024-12-28
356,Jesse Perez,thomaslopez@bridges-ward.biz,Matthewchester,2025-02-03
357,Jesse Perry,whitney22@jones.com,Thomasport,2025-04-09
358,Jeffery Ortega,iproctor@gmail.com,East Michealport,2024-09-29
359,Christian Leblanc,ydalton@munoz.net,New Anthony,2023-09-12
360,Ronald Davis,ocruz@gmail.com,Port Lawrence,2025-04-16
361,Parker Cain,lanemelanie@gmail.com,Shelbyfurt,2024-08-04
362,Laurie Hoffman,khouse@yahoo.com,Lake Jessicafurt,2023-09-06
363,Bryan Gomez,carrolljanet@carpenter.com,North Susanbury,2024-11-24
364,Nicole Parrish,steven18@davis.com,Ryanville,2024-11-17
365,Tracy Burke,bergeramanda@gmail.com,New Thomashaven,2024-03-02
366,Kenneth Lewis,ehunt@hotmail.com,Stewartborough,2025-06-05
367,Courtney Rodriguez,zgomez@yahoo.com,Rhondamouth,2024-08-10
368,Holly Farmer,austinlivingston@hotmail.com,Port Katrina,2024-09-07
369,Renee Bruce,bryan79@gmail.com,Jerrymouth,2024-09-16
370,Sabrina Austin,lisa90@washington-martinez.com,Lake Johnchester,2024-12-24
371,Allison Hickman,david44@yahoo.com,Christopherside,2024-08-14
372,Debra White,munozrenee@hernandez.com,West Denisebury,2024-08-06
373,Ellen Morgan,hwhite@cooper.com,Hartmanbury,2024-04-29
374,Sergio Knight,amullins@young-alexander.com,New John,2025-02-04
375,Charles Schultz,brian41@jackson.info,Craigberg,2024-08-25
376,Paul Lewis,wreese@hotmail.com,Lauramouth,2024-11-08
377,Glen Wood,yvega@baker-moreno.biz,Davidchester,2023-12-01
378,Paula Bradley,sara76@stewart.com,Wagnerberg,2024-02-02
379,Anthony Moore,pbishop@yahoo.com,Chenborough,2024-03-02
380,Megan Nelson,joseph14@hotmail.com,South Alexis,2023-10-11
381,Karla Ramos,vmejia@gmail.com,South Joseside,2024-06-09
382,Paul Wilson,erica25@smith.biz,Newtonberg,2025-02-10
383,Douglas Gregory,jenningsmichael@campbell.com,Port Ryanburgh,2023-11-28
384,Mr. Andrew Foster,stephanielittle@rosario.biz,East Zacharyhaven,2024-02-10
385,Aimee Turner,dominguezjon@guerrero-jones.info,Strongstad,2024-10-26
386,Chad Scott,qschwartz@yahoo.com,South Heidi,2024-05-24
387,Adam Burgess,kimberlyramirez@gmail.com,Lake Kelly,2024-05-06
388,James Padilla,dcook@yahoo.com,Phyllismouth,2024-05-30
389,Sandra Drake,scottvasquez@gmail.com,Lake Brandonstad,2024-04-15
390,Scott Williams,debbierodriguez@hotmail.com,Lozanomouth,2023-08-30
391,Thomas Atkins,christinarodriguez@yahoo.com,Robertsfort,2024-07-12
392,Laura Mckinney,johnsonchad@hotmail.com,Lake Isaac,2023-07-16
393,Brian Smith,fsmith@gmail.com,East Paulashire,2024-07-13
394,Robert Montgomery,ortegajoseph@rivera.info,Emilymouth,2023-09-17
395,Tamara Davis,upowell@gmail.com,Floresburgh,2024-03-03
396,Dana Chapman,cruzhannah@martinez-nichols.com,Shirleyville,2024-09-05
397,Jennifer Collins,richard15@hotmail.com,West Trevor,2024-07-08
398,Gary Jackson,randallkathleen@yahoo.com,New Zacharyhaven,2024-10-13
399,Ashley Hicks,angelaponce@lee.com,Mitchellfurt,2024-04-24
400,Hannah Luna,mccluresamuel@gmail.com,Katherineberg,2024-02-20
401,Robin Young,leejennifer@allen.com,Port Sierraborough,2024-07-18
402,Craig Morrison,blevy@gmail.com,Stoneshire,2025-02-27
403,Mary Thompson,morganjennifer@yahoo.com,Coryport,2025-02-15
404,Kathleen Webster,lindsaycontreras@bentley-berg.net,North Keith,2024-02-06
405,Joann Glass,sandyjohnson@burns.info,Gonzalesburgh,2025-02-15
406,Madison Weber,jacquelineanderson@chen.com,Sheilaview,2024-12-10
407,Lori Hernandez,marybrown@gmail.com,East Elizabethberg,2024-12-21
408,Jeremy Turner,nlarson@brown.biz,East Andreahaven,2023-08-09
409,Anthony Romero,rnguyen@hotmail.com,North Carmen,2024-08-10
410,Jesse Brown,mary30@thompson.biz,New Amandaborough,2025-04-03
411,Angela Lin,angela73@williams.org,South Marissatown,2023-07-30
412,Lisa Hunter,alexistucker@gmail.com,Jamesshire,2023-11-21
413,Julian Conner,saramann@eaton.info,Dennishaven,2023-09-05
414,Joanna Pacheco,douglasnelson@jenkins-hurley.org,Port Shawn,2024-02-21
415,Erica Alvarez,jennifersalazar@burton.com,Lake Jasmineville,2025-05-20
416,Antonio Garcia,grantjames@hotmail.com,Onealfort,2024-09-26
417,Gwendolyn Klein,michelle88@marshall.com,Christopherberg,2025-01-28
418,Carrie Wright,leelaura@hotmail.com,Jessicaville,2025-05-27
419,Jeffrey Mills,qthompson@gmail.com,Lindabury,2024-09-13
420,Jake Campbell,justin64@jensen-wu.info,West Ericmouth,2024-08-22
421,George Harper,yangsara@moore.info,Shawnhaven,2023-11-09
422,Maria Jones,jacobsonjennifer@riley.com,Lake Haileyton,2024-11-06
423,Michael Mitchell,nguyencorey@gutierrez.com,Garciahaven,2024-02-26
424,Mary Escobar,bbrown@gmail.com,Jamesside,2025-01-22
425,Felicia Aguilar,xthompson@ellis.com,Lake Courtneybury,2023-08-04
426,Gregory Ponce,matthewjohnson@hotmail.com,New Nicholas,2024-08-15
427,Jenna Larson,derek77@jackson-cooper.com,Lake James,2023-07-19
428,Emily Bennett,belindatran@miller.info,Hernandezburgh,2023-08-03
429,Robin Santiago,rhood@blair.com,Campbellborough,2024-02-18
430,Nancy Jennings,ryan39@mcintyre.biz,New Mercedesborough,2024-04-21
431,Maria Henderson,esparzajessica@johnson.com,South Carlosside,2023-11-21
432,Jack White,jallen@gmail.com,Lake Gregory,2024-03-27
433,Travis Tucker,davidphillips@hotmail.com,Wattsfurt,2024-08-18
434,Chad Jones,castillokevin@stevens.info,Lake Michael,2023-08-07
435,Ashley Wise,morgansullivan@yahoo.com,West Mary,2025-03-28
436,Sophia Johnson,daltonchad@hotmail.com,Elizabethfort,2025-03-30
437,Ralph Anderson,phillipskaren@hotmail.com,Harperside,2024-12-10
438,Christopher Guerra,olivermatthew@robertson.com,Phillipsbury,2025-05-06
439,Rhonda Martin,reyessteven@diaz.net,Port Kathrynchester,2024-05-29
440,Jason Rhodes,devonrogers@wilson.org,Nguyenchester,2025-01-21
441,Jeremy Mitchell,lukehurst@frazier.com,East Stevenmouth,2024-07-26
442,Joann Ferguson,hmason@yahoo.com,West Heidiberg,2024-08-07
443,Robert Harrison,zoliver@hotmail.com,Larsenfort,2025-04-17
444,Holly Valentine,patriciaellis@myers.com,Mcdanieltown,2023-11-13
445,Mrs. Diane Reyes,martindaniel@crawford.net,Josephborough,2024-07-27
446,Tracy Montoya,robert82@reed-wallace.com,Brownmouth,2024-04-11
447,Brenda Wright,bryanwiggins@gmail.com,Emilychester,2024-12-08
448,Shelly Spencer,plane@hotmail.com,Lambchester,2024-12-22
449,Ryan Rosales,swatkins@hotmail.com,Greenton,2023-08-01
450,Phillip Nelson,itorres@yahoo.com,Toddbury,2025-06-04
451,Brittany Kim,jeremy54@hernandez.info,Daisyton,2023-12-11
452,Courtney Hayes,jennifermitchell@franco.com,Sethbury,2023-09-12
453,Alexander Brown,darylchaney@martinez.net,New Jamie,2024-06-17
454,Cynthia Vang,tiffany25@fernandez-martin.com,New Cherylberg,2023-11-19
455,Alfred Galvan,sullivanvictor@gould.com,Lake Andrewfurt,2025-05-21
456,Marie Moody,deborah47@montes-webster.org,Port Janetstad,2023-12-17
457,Dustin Gallegos,hmorgan@mendoza.com,Lake Brandonborough,2025-01-01
458,Brenda Thornton,moralesmary@yahoo.com,Amandaburgh,2024-03-02
459,Aaron Miller,nguyencathy@gmail.com,Heathbury,2023-08-23
460,Ruben Dunn,james18@rhodes-rosario.net,Lauriestad,2025-01-02
461,Kelsey Rodriguez,tracymorrison@hotmail.com,Robertside,2023-12-03
462,Eric Williams,raymond65@watson-mitchell.com,North Barry,2024-07-16
463,Riley Bryant,fsawyer@gmail.com,Port Shelbyville,2023-12-05
464,Taylor Carlson,slara@gmail.com,Moodyton,2024-09-13
465,Jose Allen,ltaylor@hotmail.com,West Kevin,2024-11-06
466,Jeffrey Mendez,jaredwells@hatfield.biz,Lake Kelsey,2024-10-16
467,Jason Beck,ortizrobin@thompson-murray.org,North Joseph,2023-07-10
468,William Jones,jacobjames@henry.org,Port Kristenfurt,2023-08-02
469,Katie Mcneil,dhansen@gmail.com,Port Joy,2025-06-13
470,Jeanette Harrison,moorekevin@flowers.com,Michelleland,2024-04-19
471,Veronica King,traviswatts@gmail.com,New Jenniferchester,2023-12-05
472,Richard Cooper,hubbardtrevor@george.org,North Juliaside,2025-05-27
473,Lori Ingram,ooneill@hotmail.com,North Jill,2024-12-14
474,Evelyn Williams,brooksjessica@gmail.com,Leeport,2023-09-26
475,Robin Thompson,bonniethomas@yahoo.com,Ronaldtown,2025-06-14
476,Julie Dominguez,frank45@fields-friedman.com,Joshuaborough,2024-02-08
477,Robin Brown,alyssa18@gmail.com,West Tanyashire,2023-07-01
478,Judith Carter,georgegary@brennan-serrano.com,Bennettchester,2025-05-30
479,Curtis Williams,cody95@gmail.com,East Tammyside,2023-12-31
480,Kaylee Hays,aprilwatson@jenkins-mccall.com,Timothyside,2024-11-21
481,Dawn Mullins,ericwalker@pope.org,South Andre,2025-03-20
482,Howard Norman,estevens@fuentes.info,Lunastad,2025-06-07
483,Evelyn Martinez,hannah27@hotmail.com,South Jeffreytown,2025-04-03
484,Steve Paul,jenniferjohnson@gmail.com,Wisemouth,2024-03-10
485,Jasmine Beltran,melissathomas@parker.com,Thomasville,2023-11-12
486,Jonathan Glass MD,yvazquez@jones.biz,Martinland,2024-04-25
487,Monica Miller,danielmcguire@watkins.com,New Garyfort,2025-03-31
488,Samantha Gardner,elizabeth11@harris.com,North Donald,2023-12-22
489,Bobby Guerrero,thomasjulie@rush-bailey.com,Millsshire,2024-04-11
490,Lance Simmons,garciabelinda@rice.com,North Katrina,2025-06-09
491,Heather Williams,rachelmedina@hotmail.com,Robertmouth,2025-04-08
492,Heather Bolton,samanthayork@richardson-lawrence.info,North Marc,2024-05-05
493,William Gould,maryzavala@lewis-perez.com,Savageview,2023-08-01
494,Mark Cox,owensapril@yahoo.com,Port Anna,2023-10-27
495,Meghan Cisneros,angela01@yahoo.com,Gardnermouth,2023-10-16
496,Lawrence Harrington,cruzstephen@hotmail.com,West Steven,2024-10-05
497,Austin Osborne,aperez@yahoo.com,Robertsonland,2024-01-05
498,James Bradley,melissajacobson@yahoo.com,South Hollyfurt,2024-10-22
499,Meghan Rush,alexandercraig@hotmail.com,Port Alexander,2024-11-28
500,Phillip Berry,qkim@miller.org,East Jamesville,2024-01-14
501,Jennifer Banks,calvinhester@gonzalez-anthony.biz,South Tylerhaven,2025-05-13
502,Brian Fitzgerald,maryhardy@hubbard-miranda.org,Taylorside,2025-06-13
503,Mr. Justin Green III,qkelly@hotmail.com,Rossport,2024-05-21
504,Zachary Mitchell,jdixon@yahoo.com,South Wendyview,2024-12-07
505,Katherine Martinez,kingtyler@dunlap.com,Christinastad,2024-09-13
506,Jodi Roach,stantonpatrick@hotmail.com,East Kelly,2024-12-30
507,Brandon Fleming,kevinhanson@gmail.com,Port Christina,2025-04-28
508,Emma Reed,qharris@yahoo.com,Aprilview,2025-05-28
509,Joshua Vance,amy88@gmail.com,Fordmouth,2024-10-26
510,Michelle Ho,hbeard@cole-farrell.info,East Alice,2024-02-23
511,Rebecca Hicks,johnsonangela@yahoo.com,Smithchester,2023-12-04
512,Curtis Taylor,tjordan@price.info,East Thomas,2025-06-27
513,Allison Spencer,khart@hotmail.com,West Jacquelineborough,2025-05-10
514,Robert Arnold,lbaker@jensen-gomez.com,New Stephenville,2024-11-16
515,Angelica Parker,johnsonbrandon@yahoo.com,New Taylorburgh,2025-01-20
516,Dr. Kelly Hammond DVM,hubbardcolleen@yahoo.com,West Danabury,2025-06-06
517,William Day,wreed@bell-stanley.com,Courtneyborough,2024-01-25
518,Michael Cooper,brittany14@morgan.net,Justinchester,2024-05-10
519,Penny Bowman,murraymichelle@hotmail.com,Michaelfurt,2024-12-15
520,Vincent Reynolds,andrew79@gmail.com,Annborough,2023-07-05
521,Amy Martinez,uhudson@hotmail.com,New Elijahborough,2024-05-16
522,Christopher Morris,rgarcia@rogers.com,Gregoryshire,2025-03-28
523,Hannah Everett,michael63@reid-dickson.com,East Laurashire,2024-05-14
524,Sarah King,joseph49@ballard-weber.com,Riverashire,2024-04-15
525,Krista Martinez,joshua98@simmons-reed.com,Tammyfort,2024-01-29
526,Joseph Shaw,ryan85@gmail.com,East Aaron,2025-04-12
527,Todd Moore,gking@yahoo.com,East Christopher,2025-05-27
528,Michelle Jacobs,burtonzachary@ray.info,East Fred,2023-11-22
529,Kristy Bryan,umichael@hotmail.com,West Christianton,2025-03-23
530,Angel May,michaelhernandez@francis.biz,New Lindsay,2025-02-22
531,Marilyn Wang,michelle13@yahoo.com,Ortegamouth,2024-07-11
532,Mark Jimenez,debbie49@gmail.com,Vincentville,2024-01-10
533,Donna Frye,daniellee@gmail.com,New Phillip,2024-10-06
534,Dr. Michael Evans,bwashington@yahoo.com,Mccarthystad,2023-07-06
535,Anthony Gonzales,eriktaylor@clarke-ramirez.net,Marymouth,2024-10-26
536,Mr. Lawrence Edwards,stuarttodd@brown.com,New Meganburgh,2024-12-16
537,Morgan Valencia,lesterrichard@yahoo.com,Jenniferchester,2024-04-30
538,Bianca Wood,uhahn@young.net,Henryview,2023-07-30
539,Emma Owens,tyler13@martinez.org,New Rachelstad,2024-12-19
540,David Davis,selenarobinson@gmail.com,North Michelle,2025-02-12
541,James Gilbert,taragonzales@roy-brown.net,Townsendstad,2024-06-10
542,Sean Moore,stewartrodney@hotmail.com,Lewisside,2023-10-06
543,Kenneth Edwards,natasha25@baldwin-underwood.com,South Neil,2024-11-23
544,Kathleen Robertson,vazquezkristina@king.com,East Scotthaven,2024-12-14
545,Mr. Alexander Landry MD,nicholsjoel@yahoo.com,North Brenda,2023-12-18
546,Cindy Gomez,browningphillip@yahoo.com,Clintonstad,2023-08-21
547,Johnny Khan,mayerkatherine@yahoo.com,Wesleytown,2024-11-04
548,Julie Herrera,ruthwelch@sullivan.info,Arthurview,2023-09-24
549,Jessica Khan,vhouse@hotmail.com,Sandersview,2023-09-25
550,Pamela Diaz,hollowayholly@hotmail.com,Colleenshire,2023-10-29
551,Kelly Lee,robert85@neal-gill.com,Port Jenniferfort,2025-05-28
552,Angel Gordon,aarongonzalez@yahoo.com,Henryfort,2025-03-03
553,Diana Hays,rodriguezjohn@hotmail.com,North Mikeberg,2024-07-11
554,Barbara Hester,usparks@mendoza-moss.com,Port Melissa,2023-08-18
555,Robert Morgan,lauren31@richardson-long.biz,South Maryville,2023-11-17
556,Nicole Gonzalez,vaughansandra@salazar.info,South Danaton,2024-08-18
557,Kathryn Williams,jacqueline20@williamson-burke.com,Connorside,2024-03-08
558,Gary Wells,george91@higgins.info,Tonyaborough,2023-11-04
559,Larry Robertson,walkerjames@yahoo.com,West Marymouth,2025-01-22
560,Louis Martin,breyes@gmail.com,New Jennifer,2024-01-13
561,Nancy Evans MD,jessica36@ortiz.com,Zacharyfurt,2024-12-07
562,Kim Erickson,joe73@yahoo.com,Monroeton,2025-01-03
563,Robert Richardson,smithdean@yahoo.com,East Mandyhaven,2025-06-19
564,Veronica Silva,jennifererickson@hotmail.com,Lake Joseph,2024-12-18
565,Molly Watts,davisbrian@yahoo.com,South Bradley,2024-05-02
566,John Coffey,modonnell@coffey.com,Lake William,2024-02-04
567,Paula Lane,william64@lambert-anderson.net,Lake Julie,2024-08-17
568,Lauren Jackson,jorgegordon@humphrey-anderson.com,West Joshuastad,2024-02-05
569,Lisa Randall,jorgeedwards@gmail.com,West Stevenland,2024-02-04
570,Michael Johnson,julie64@yahoo.com,Davisland,2025-04-22
571,Ashley Smith,ryan25@hotmail.com,Lake Christopher,2024-09-12
572,Christian Vaughn,angelalivingston@hotmail.com,Brittanytown,2024-01-17
573,Reginald Knapp,lopezbrian@gmail.com,Port Alex,2023-09-20
574,Nancy Brown,tgreen@graham-carney.info,Stevenbury,2025-02-08
575,Daniel Nguyen,tkelly@washington.com,Maryborough,2023-09-28
576,Kelly Edwards,clayton42@brady.org,West Brian,2024-04-29
577,Thomas Peterson,foxashley@knapp-sanchez.info,Gregoryberg,2025-03-28
578,Raymond Le,anthony16@garza-bean.com,Robertborough,2025-05-15
579,Melissa Bishop,millermariah@castillo.com,Nicoleburgh,2025-05-14
580,David Grant,douglasstephanie@yahoo.com,Jordanmouth,2023-12-01
581,William Evans,michellesolis@morris-brown.com,Christopherstad,2023-09-03
582,Daniel Bush,rossgregory@yahoo.com,Michaelhaven,2024-08-31
583,Gregory Peck,phelpsfrank@mitchell-goodwin.com,Gallegosburgh,2025-04-15
584,Denise Martinez,travis64@munoz.com,Port Brendaberg,2024-07-18
585,Jamie Baird,ygriffin@adams-burke.com,Lake Ryan,2023-11-30
586,Tina Ballard,christina66@gmail.com,Jaredhaven,2023-10-04
587,Dwayne Klein,teresa32@rose-holland.com,Christopherborough,2024-08-03
588,Jeremy Scott,zkim@yahoo.com,Jefferyview,2023-07-25
589,Dale Ryan,traceysutton@yahoo.com,North Zacharyburgh,2024-06-26
590,Melissa Taylor,dphillips@jones.biz,Taylorshire,2024-07-03
591,Laurie Sanchez,marshalljennifer@yahoo.com,Nathanfurt,2023-09-20
592,Kiara Little,brenda80@gmail.com,West Jacquelinestad,2023-09-22
593,Jason Love,kristicameron@gmail.com,East Robertmouth,2023-12-22
594,Randy Smith,tmcdowell@matthews-gibson.info,Deborahville,2023-07-27
595,Tanya Russell,tammy23@gmail.com,West Kevin,2025-04-05
596,Sherry Woods,monica16@smith.info,Paynetown,2024-04-24
597,Victor Morris,vmelton@hotmail.com,Lambmouth,2023-11-18
598,Susan Davis,christine95@hotmail.com,Simonfort,2023-08-31
599,Kimberly Sharp,christopher20@gmail.com,West Jennifer,2025-02-09
600,Susan Thompson,hortonjacob@clark.com,Timothyfurt,2024-12-17
601,Casey Gillespie,ywilkinson@lee.info,Billybury,2025-03-15
602,Jennifer Simpson DVM,wilsonrachel@hotmail.com,South Ronaldview,2023-08-19
603,Tammy Mcdowell,cruiz@hotmail.com,Watkinsburgh,2024-01-01
604,Keith Rodriguez,kennethgallegos@williams-smith.biz,West Olivia,2024-05-31
605,Mrs. Virginia Daniels,mmclaughlin@hotmail.com,New Karen,2024-10-17
606,Todd Rosales MD,freemantodd@hotmail.com,Lake Mason,2024-04-11
607,Brian Martin,jenniferrice@yahoo.com,North Kyleberg,2024-06-02
608,David Lopez,adamsdeborah@yahoo.com,Stephenburgh,2025-01-21
609,Rachel Bradley,pdean@west-graham.com,Smithberg,2023-10-16
610,Casey Chase,taylorkim@hotmail.com,East Kevin,2024-06-05
611,Samantha Robertson,sandra72@sharp-myers.biz,East Joelborough,2024-10-03
612,Michael Lopez,kmarsh@hotmail.com,Davisbury,2025-02-14
613,Franklin Wright,hannah17@thompson.org,Lake Angela,2023-07-29
614,David Molina,leonsherry@yahoo.com,Adamburgh,2024-11-23
615,Elizabeth Sharp,jasonwilliams@gmail.com,Coryside,2025-06-22
616,Matthew Schwartz,michael22@hotmail.com,Halefort,2024-07-23
617,Bryan Parker,morgandaniel@martinez.info,Guerrabury,2025-02-12
618,Jonathan Jacobson,kristen08@yahoo.com,South Davidberg,2023-11-21
619,Emily Wilson,mccarthysara@lloyd-estes.com,Mejiaport,2025-02-13
620,Elizabeth Mendez,colonbobby@jackson.com,Carlsonside,2023-12-08
621,Casey Hernandez,jessicaerickson@hotmail.com,West Tracyshire,2025-01-11
622,Lisa Perry,mooremichael@gmail.com,East Nicoleburgh,2024-02-29
623,Kaitlin Medina,scottperry@sanchez.com,West Michael,2023-07-31
624,Colleen Wright,christopherwatson@yahoo.com,New Carolfurt,2024-09-11
625,Shelley Miller,edwardmolina@yahoo.com,Lake Jerryfort,2023-07-09
626,Michael Miller,lauriegutierrez@villanueva-crane.net,North Jason,2023-10-24
627,Amy Kelley,ramoskayla@hotmail.com,Davisfurt,2024-03-19
628,Laura Hernandez,morganrichard@hamilton.com,South Edward,2025-04-25
629,Joseph Wilson,levinetina@liu.net,Paulfort,2024-01-08
630,Kevin Davis,regina04@hotmail.com,West Susanchester,2025-06-13
631,Rhonda Chavez,ngriffin@weber.com,East Raymond,2023-11-11
632,Joyce Brown,nicolemiller@hotmail.com,South Lindastad,2024-03-25
633,Robert Cummings,vhardy@gmail.com,Lake Michelletown,2024-06-20
634,Robert Reese,christopherarnold@hotmail.com,West David,2023-11-30
635,Amber Cooper,andrewzamora@hotmail.com,Parkstown,2025-05-28
636,Zachary Michael,marilyntorres@yahoo.com,Valdezfurt,2024-11-09
637,Timothy Johnson,skinnerjordan@gomez.com,Wiseport,2023-08-10
638,Randy Cannon,ashley07@yahoo.com,Greenville,2024-04-26
639,Maria Fisher,michaelmitchell@armstrong.com,Shawfort,2024-04-18
640,Janet Kane DVM,zachary35@garcia-dawson.biz,Meganstad,2023-10-24
641,Michael Stanley,brownpamela@lewis-miller.net,Port Haroldchester,2024-02-09
642,Martha Bailey,lwiggins@yahoo.com,Bergland,2024-07-24
643,Joshua Rice,fbarker@hotmail.com,North Matthew,2023-08-16
644,Courtney Smith,drewmartinez@hotmail.com,Jamesmouth,2023-12-19
645,Edwin Nunez,tammypalmer@hotmail.com,Williamsport,2023-11-17
646,Kim Morrow,stanleyjohnson@raymond.com,North Mirandamouth,2024-10-27
647,Gregory Hill,martinezashley@gmail.com,Brendanstad,2023-11-25
648,Molly Rodriguez,watsonvickie@carter-johnson.com,Ronaldport,2024-03-14
649,Jennifer Miranda,twilliams@lewis-fuentes.info,New Josephport,2024-11-20
650,Alexis Harris,kelleycarlos@butler.com,Robertmouth,2025-01-08
651,Andrew Harper,kimberly79@gmail.com,Kennethton,2024-06-02
652,Amber Yang,qgill@hernandez-luna.com,West Jessicaside,2023-07-17
653,David Robinson,zhall@yahoo.com,Wrightland,2025-05-04
654,Amy Gordon,pfitzgerald@cline.com,East Jessicafort,2024-06-04
655,Robert Dennis,schneiderchristopher@hotmail.com,Orozcostad,2023-08-20
656,Kyle Chambers,karenshaw@martinez.com,Barkerbury,2025-04-13
657,Eric Thomas,kristin39@miller-ferguson.com,Williamsmouth,2024-01-04
658,Connie Turner,henrysarah@yahoo.com,Benjaminville,2024-10-07
659,Travis Hobbs,robertheath@yahoo.com,Huntland,2024-08-11
660,Lori Simmons,christopher18@gmail.com,Saraport,2024-02-06
661,William David DDS,iantate@gmail.com,Moralesburgh,2024-09-02
662,Emma Butler,dgregory@hotmail.com,Jenniferland,2023-10-31
663,James Webster,anthonybrown@yahoo.com,Sanfordborough,2023-10-17
664,Samuel Turner,douglas54@david-lam.com,Wandahaven,2024-08-25
665,Renee Melendez,karenwillis@romero-gordon.com,Lake Lauren,2024-02-29
666,Tracy Grant,floresangela@gmail.com,Ashleyborough,2023-08-11
667,David Harris,russelljesus@gmail.com,Hillburgh,2023-09-22
668,Tammy Boone,sanchezangela@gmail.com,Walterton,2024-12-10
669,Nathaniel Lee,ogriffin@hotmail.com,Browningport,2023-08-17
670,Michael Morrison,nathanielgalloway@medina.net,Adamborough,2024-05-11
671,Chelsea Gill,smithsteven@hotmail.com,Port Robertberg,2024-08-03
672,Kristin Mendoza,aaronmahoney@yahoo.com,Josephmouth,2024-08-15
673,Felicia Krueger,mary65@hotmail.com,East Jeffreymouth,2023-07-11
674,Timothy Hayden,brandon89@turner.com,North Cheryl,2024-10-20
675,Zachary Mendoza,natalie39@bernard.com,Matthewsmouth,2025-01-07
676,Larry Harris,qnelson@yahoo.com,Alvarezside,2023-11-06
677,Kristen Rowe,stevegreene@gmail.com,West Matthewstad,2025-01-10
678,Joseph Howard,lynchadam@chambers.net,Hernandezfort,2025-06-21
679,Jose Crawford,ymedina@hotmail.com,New Heidi,2024-03-03
680,William Harrison,staffordlisa@chambers-gomez.biz,Scottton,2024-04-10
681,Suzanne Wood,xthompson@hotmail.com,Lake Tommystad,2023-07-27
682,Justin Walker,fordsharon@smith-paul.com,East Juliehaven,2023-10-17
683,Dean Donovan,christopheraustin@yahoo.com,Kevinmouth,2025-05-28
684,Jennifer Hernandez,tinacoffey@campbell.org,Craigtown,2023-09-16
685,James Whitaker,gonzalezlori@rodriguez-ramirez.net,New Brenda,2024-12-10
686,Mr. Michael Scott PhD,andreakeller@hotmail.com,Annettechester,2023-12-26
687,Maria Henry,chapmanjulie@green.com,Port Teresaside,2023-07-02
688,Robert Jackson,melaniejohnson@hotmail.com,Fritzfurt,2024-04-19
689,Katherine Stark,bsmith@hotmail.com,South Catherine,2023-06-30
690,Maria Brown,ryan64@frazier.info,North Randyborough,2024-09-07
691,Ryan Landry,stephensonjeffrey@yahoo.com,New Keithburgh,2023-08-12
692,Pamela Gutierrez,zstewart@gmail.com,Piercestad,2025-03-21
693,Crystal Mann,beardlindsey@hotmail.com,South Rachel,2024-04-24
694,Jonathan Brooks,prosario@martin.com,Luisstad,2025-02-14
695,Mary Jensen,castillolindsey@robles.com,Lake Nicolemouth,2024-09-10
696,Mr. Aaron Arnold,vallen@underwood.com,Perezfurt,2023-09-28
697,Joseph Hill,oduran@riley-miller.com,Shermanport,2025-04-23
698,Alicia Li,sedwards@patton.info,Mooreburgh,2023-12-19
699,Renee Browning,cheryl61@byrd.com,Robertsside,2025-02-08
700,Brent Hernandez,nmorales@yahoo.com,Kathrynburgh,2024-10-28
701,Joseph Ochoa,chavezsteven@hobbs-harvey.com,South Bettychester,2023-07-25
702,James Watson,lholmes@rodriguez.org,Jenkinstown,2024-09-07
703,Karl Branch,rebeccamartinez@scott.info,East Chelsea,2024-08-24
704,Michael Abbott,devinwilliams@collins.net,New Ashleychester,2023-08-24
705,Shannon Malone,brandy82@gmail.com,West Chelseaburgh,2023-07-13
706,James Tran,carrie45@gmail.com,Cohenstad,2024-11-12
707,Adam Jackson,younglori@trevino.com,Lake Carolynfurt,2025-03-29
708,Mr. Richard Knight PhD,petersonelizabeth@holt.org,Port Robin,2025-06-04
709,Joseph Williams,robert21@yahoo.com,Woodbury,2024-07-02
710,Sean Clay,arobinson@walker.com,South Sharon,2025-06-24
711,Anthony Jones,lindsay63@yahoo.com,West David,2024-09-13
712,Stephanie Elliott,coxcharles@spencer.com,North Jamiemouth,2024-11-09
713,Timothy Edwards,crystaldurham@yahoo.com,Sanchezmouth,2024-04-22
714,Laurie Goodwin,gonzalezjustin@mcclure.com,Port Gregory,2024-02-02
715,Jennifer Jones,gregorysmith@yahoo.com,Porterville,2024-12-11
716,David Davenport,deckerderrick@cobb.com,Monicaburgh,2024-10-18
717,Steven Rivera,mikewatson@gmail.com,South Jennifer,2024-04-23
718,Brenda Hinton,wilsonnicole@gmail.com,North Kaitlynchester,2024-06-11
719,Kathryn Mccann,amandabenson@greene-rowland.com,Atkinsland,2025-06-04
720,Jeffrey Roberson,melissaphillips@murphy.com,Rosarioside,2025-01-29
721,Randy Friedman,fclark@gibbs-mendez.com,Lake Kimberlyside,2023-12-29
722,Raymond Johnson,victor72@yahoo.com,South Timothyton,2024-12-09
723,Willie Henry,fbaldwin@yahoo.com,Lisaton,2024-07-13
724,Todd Reynolds,ylittle@hotmail.com,Reginaldhaven,2024-10-15
725,Mary Miller,jeffreyharris@foster.biz,Pattersonville,2024-01-08
726,Rebecca Marquez,selenabrooks@hotmail.com,East Melanieshire,2024-03-22
727,Christian Dawson,karenphillips@bell.org,Lake Garychester,2024-11-03
728,Nancy Stewart,bhayes@yahoo.com,Donaldbury,2024-06-15
729,Aaron Parker,ystewart@gmail.com,Clarkville,2024-07-04
730,Derrick Anderson,phall@howard.com,Dawnland,2025-06-11
731,Jerry Peters,sara11@ward.com,Nolanfort,2025-05-25
732,Alexander Gomez,emilywright@hotmail.com,Port Jordan,2023-10-24
733,Kyle Nguyen,janicebolton@hotmail.com,Hannahmouth,2024-06-14
734,Edgar Hughes,carrillojuan@yahoo.com,Lyonsshire,2024-08-17
735,Steven Stein,wunderwood@hotmail.com,Brookeberg,2025-05-11
736,Laura Jackson,wvaldez@grimes.com,New Keith,2024-04-02
737,Charles Turner,lhall@todd.com,West Anna,2023-12-18
738,Arthur Hamilton MD,roymcmahon@yahoo.com,Kristopherburgh,2023-10-18
739,Mr. David Wright,jcole@brooks.com,Thomasmouth,2024-02-05
740,Linda Gonzalez,porterdonna@yahoo.com,Ericberg,2024-11-03
741,Eric Rush,robertjennings@yahoo.com,New Kelly,2025-01-15
742,Manuel Brock,brenda90@gmail.com,Scottbury,2023-11-10
743,George Ochoa,ashley99@camacho.biz,Port Jasonport,2024-04-24
744,Valerie Taylor,glopez@hudson-hayes.com,New Alexander,2024-01-13
745,Travis Harris,damontran@serrano.info,Jenniferhaven,2025-05-13
746,Vincent Novak,jamespruitt@campbell-hall.net,Woodsburgh,2023-10-30
747,Michael Henry,hbrown@jackson.biz,Dawnshire,2024-04-08
748,Dana Bennett,andersonrobert@jones.com,Alexandrafurt,2025-01-22
749,Jenna Wilson,ryan72@andrews.info,Wonghaven,2023-07-14
750,Leslie Gardner,adrianthomas@gmail.com,Thompsonfurt,2024-05-28
751,Krista Benton,aliciakent@yahoo.com,Lake Staceymouth,2025-03-14
752,Michael Gonzales,vjohnston@gmail.com,West Jamie,2024-02-15
753,Michael Fuentes,treed@yahoo.com,West Charlotte,2023-10-17
754,Jennifer Porter,robertwhite@hotmail.com,Lake Jamesfort,2023-07-31
755,Dana Hopkins,qcruz@gmail.com,Hudsontown,2024-06-19
756,Rachel Jones,chale@mcclure.com,Lake James,2024-05-11
757,Karen Morales DDS,wolfejennifer@gmail.com,South Conniemouth,2024-12-31
758,Melissa Stephens,jriddle@gmail.com,West Angelaside,2025-05-11
759,Heather Woodard,camposwilliam@yahoo.com,Port Brianshire,2024-08-21
760,Margaret Miller,nmartin@hotmail.com,East Jonathan,2025-04-19
761,Mary Kelly,ojohnson@lowe.biz,Lake Sharon,2023-12-21
762,Amanda Terrell,qjohnson@fletcher.com,East Hannah,2024-05-05
763,Jennifer Goodwin,fmurray@hotmail.com,Thompsonview,2023-10-03
764,Jessica Smith,rtaylor@jackson.org,Christopherborough,2025-04-10
765,Jorge Stone,kellynichols@jackson-powers.com,East Alexandraton,2024-10-26
766,Laura Griffin,scottthompson@hotmail.com,East John,2024-03-28
767,Raymond Chapman,scottwilliams@cain.com,Marshallside,2023-12-06
768,Haley Johnson,scott90@gmail.com,West Kristyland,2024-05-08
769,Jason Nixon,sarahbrooks@gmail.com,South Darren,2024-05-20
770,Todd Thomas,smithanthony@rogers.com,South Jamesside,2025-05-14
771,Jesse Clark,roblesmaria@ramsey.biz,New Tony,2024-05-17
772,Mr. Jeffrey Horton,marcus39@villa.biz,New Russellville,2024-06-19
773,Eric Patrick,jasonkelly@smith.com,Watersborough,2025-01-17
774,Samuel Wong,olewis@barrett.org,Gayview,2024-06-13
775,Carly Riggs,jonesjeffery@yahoo.com,Guzmanfort,2024-06-06
776,Christopher Moore,marquezkylie@hotmail.com,West William,2024-04-24
777,Tina Hall,susan95@horton.com,Stephanieport,2024-06-22
778,Cody Davidson,cynthiahenson@yahoo.com,Michellebury,2024-04-05
779,Allen Mendez,rogerscharlotte@hotmail.com,Joshuaside,2024-03-16
780,Kevin Price,vdixon@gmail.com,Connieville,2024-03-07
781,Christine Goodwin,andrewblake@parker.biz,South Adam,2024-11-25
782,Amy Garcia,brownnicholas@harris-bennett.com,Simpsonburgh,2024-05-02
783,Chelsea Nguyen,vstevenson@ramirez.com,Port Ryanport,2023-10-09
784,Dennis Huffman,karen35@yahoo.com,Port Scottside,2025-01-09
785,Margaret Harper,amberknox@mcneil.com,East Kimberly,2024-08-12
786,Laurie Bailey,isaiah01@yahoo.com,East Kyle,2023-12-04
787,Lisa Cervantes,brettbraun@martinez.org,Lukehaven,2024-01-05
788,Elizabeth Mendez,williamsimmons@collins-griffith.com,Garciaport,2023-12-13
789,Cesar Wilson,catherineturner@hotmail.com,New Emily,2025-01-01
790,Clayton Steele,josephharrington@gmail.com,Ericfurt,2023-11-23
791,Jennifer Taylor,egray@yahoo.com,Port Eric,2024-09-11
792,Cody Reid,ywolf@yahoo.com,West Sue,2023-11-26
793,Maria Cooke,fsimmons@larson-hernandez.com,Valdezchester,2025-05-06
794,Katherine Taylor,dford@yahoo.com,Jeremyview,2025-01-14
795,Jerry Brown,ijones@hotmail.com,Michaelport,2024-11-21
796,Adam Taylor,ericlopez@gmail.com,Dustinmouth,2025-02-26
797,Tracey Wagner,asullivan@yahoo.com,Mariamouth,2024-10-20
798,Michael Perry PhD,pburns@hotmail.com,Parkershire,2024-04-05
799,Bradley Johnson DDS,hdyer@frederick-martin.biz,Farmertown,2025-05-27
800,Donald Medina,william75@hotmail.com,Brownchester,2024-06-21
801,Jim Newton,vhouse@allen.com,Debbieberg,2024-08-26
802,Krista Wilson,josegibson@hernandez.com,Wangtown,2025-04-27
803,Reginald Morrow,wisedawn@sanders-willis.com,East Ebony,2025-02-10
804,Rodney Williams,bmartin@holt-mason.net,Kennethstad,2025-03-04
805,Kimberly Fritz,jessica11@hotmail.com,West Ronaldfurt,2024-05-10
806,Ronald Potter,josephclark@hotmail.com,Angelaborough,2024-04-14
807,Zachary Cole,adam27@gmail.com,New Wesley,2024-11-09
808,Robert Gonzales,ayalarobert@pena-quinn.com,Danielbury,2024-02-21
809,Patricia Young PhD,jacob23@white-fry.info,West Jennifer,2023-12-10
810,Heather Page,jamesbrady@green.info,Craneton,2024-04-28
811,Carol Taylor,christophermiller@hill.com,Wattsfort,2023-10-15
812,Daniel Brown,wwashington@smith.com,West Valerie,2024-06-27
813,Douglas Ryan,clarklatoya@morrison-hatfield.com,Brownton,2023-09-20
814,Michael Roberts,msherman@yahoo.com,Joshuastad,2024-08-22
815,Scott Duke,evelyn55@gmail.com,Mcleanville,2024-11-15
816,Anna Estes,dgray@yahoo.com,Taylorland,2024-06-13
817,Tamara Riddle,smithmonica@yahoo.com,Tiffanychester,2024-02-16
818,Beth Cline,guzmanmisty@tapia-walton.com,Port Edward,2025-05-30
819,Michael Poole,qmontgomery@yahoo.com,Audreyside,2025-04-04
820,Megan Burns,aaronlittle@yahoo.com,South Johnshire,2025-02-18
821,Debra Perry,morgan57@lawson.org,Angelaport,2025-05-03
822,Mark Beard,ronnie71@cruz.net,East Kelseyland,2024-10-24
823,Jose Ramirez,tylermiller@davies.info,Susanstad,2024-05-13
824,Jackie Clements,pbates@lewis.com,Burgessborough,2023-08-06
825,Aaron Schroeder,bholder@hickman.biz,West Taylor,2023-11-29
826,Monica Ellis,jenniferwade@hotmail.com,Coxborough,2023-12-13
827,Heather Brown,sandraschultz@davis-holt.com,Jonathantown,2024-03-16
828,Claudia Jordan,nicholas68@stokes-walker.com,North Dawn,2024-08-29
829,Derrick Clayton,rodriguezmatthew@hotmail.com,Fosterfort,2025-05-19
830,Kenneth Knight,berrydavid@finley-ray.com,Port Allisonhaven,2023-10-27
831,Mr. Michael Williams,lawrencejames@yahoo.com,Allenchester,2024-11-21
832,Richard Stevens,kelsey28@hotmail.com,New Morganmouth,2024-04-21
833,Scott Alexander,fosteramanda@stewart-cabrera.com,Campbellmouth,2025-06-24
834,Tyler Harris,jfrazier@campbell.com,Lake Charlesland,2024-08-02
835,Bonnie Santos,wayne14@hotmail.com,New Erichaven,2024-05-28
836,Timothy Hill,troypadilla@yahoo.com,New Sandraborough,2023-11-15
837,Danielle Watson,eric33@fitzgerald.info,Port Gabriellaview,2024-06-06
838,Carol Sanders,tracey20@hotmail.com,Hayesberg,2023-07-16
839,Michael Young,roberto75@yahoo.com,Charlesshire,2024-12-18
840,Michele Smith,rosejustin@hotmail.com,Shawnchester,2023-12-05
841,Casey Perez,udavis@glenn.com,South Autumntown,2024-04-22
842,Alexandra Dominguez,barbararamos@yahoo.com,Smithbury,2024-09-10
843,Virginia Henderson,jasonbrock@gmail.com,Ronaldview,2024-11-27
844,Benjamin Reyes,jessica91@floyd.biz,New Emily,2023-11-08
845,Ashley Edwards,davisterri@landry.net,Amandaborough,2024-01-26
846,Breanna Ayala,obooker@hotmail.com,Patriciashire,2025-01-27
847,Brandi Haney,austinallen@yahoo.com,East Kendra,2024-12-07
848,Joseph Smith,denisebennett@hotmail.com,West Hunter,2024-09-07
849,Jessica Bowen,phancock@hill-delgado.com,New Carolynton,2025-02-14
850,Brittany Jenkins,wilsondavid@barnett.org,New Michael,2023-10-27
851,Shannon Miller,heather19@gmail.com,West Monicabury,2024-11-07
852,Paul Lawrence,scooke@yahoo.com,East Kevin,2024-05-05
853,Victor Edwards,corybrown@hotmail.com,Ritterbury,2024-09-16
854,Donald Miller,bhess@hawkins-herrera.net,Port Michael,2025-02-24
855,Lindsay Lawson,stonebrenda@hotmail.com,South David,2025-03-11
856,Melissa Abbott,tammymerritt@atkins.com,Johnsonborough,2023-11-28
857,Elizabeth Holmes,hmcbride@anderson.com,Williamsmouth,2023-10-23
858,Nicole Phillips,melissa01@hunter.net,Gonzalezfurt,2024-05-12
859,Steven Blevins,qrowland@wright.net,North Tanyahaven,2024-02-28
860,Brian Porter MD,ftaylor@hotmail.com,East Katherineville,2024-06-25
861,Vanessa Hatfield,catherine83@hotmail.com,Yangstad,2024-01-04
862,Bonnie Valencia,youngjacob@chase-lewis.com,Robertborough,2025-05-02
863,Holly Vega,joshua96@pierce.biz,Port Williamfort,2025-01-21
864,Tiffany Townsend,qbryant@coleman.com,Williammouth,2023-10-07
865,Austin Baker,jenniferelliott@hotmail.com,North Normanchester,2025-02-09
866,Antonio Mccormick,uunderwood@gray-maynard.com,Nixonville,2025-06-20
867,Lori Mason,david18@jones-bowman.com,Michaelport,2024-07-10
868,Michael Miller,dustin34@gmail.com,South Sonyaport,2024-02-28
869,Lisa Ramirez,opetty@lynn-patton.com,Lake Christopher,2024-10-14
870,Jorge Harris,brianna71@bailey.com,Liutown,2025-06-21
871,Kimberly Myers,jacksonstacey@white-shaffer.net,Jessicamouth,2025-02-09
872,Sandra Becker,qvargas@gmail.com,East Melanieburgh,2024-10-15
873,Michael Blair,douglasbradley@brown-swanson.com,East Aprilberg,2024-08-13
874,Amy Miller,lmann@andersen-lindsey.net,Farmerton,2025-01-19
875,Jesse Lynch,stephanie83@yahoo.com,Port Jodi,2024-10-27
876,Patrick Yang,richard51@miller.com,Nathanchester,2025-05-08
877,Michael Miles,paulangela@stokes-smith.biz,South Gerald,2023-07-25
878,Troy Mills,rjimenez@barron.org,Lake Lisa,2024-12-04
879,Michelle Jackson,kleinjacqueline@reed.net,West Natasha,2023-09-11
880,Richard Adams,roconnell@mckee.com,Port Franciscofort,2025-02-28
881,Patricia Johnson,hendersonnicholas@yahoo.com,West Richard,2023-08-17
882,Denise Brown,robin38@roberts.com,Reginaview,2023-09-02
883,Laura Jones,aaronwelch@yahoo.com,Anthonytown,2023-07-14
884,Ian Porter,sarah80@stafford-charles.com,Anthonyfort,2023-07-04
885,Holly Scott,gilbertmark@yahoo.com,Lake Monicachester,2025-06-11
886,Kenneth Sharp,baileyjennifer@gomez-garcia.info,New Nicholashaven,2025-04-27
887,Jordan Williams,ricerachel@martinez-freeman.com,East Craig,2025-05-03
888,Dana Ruiz,thomasbrooks@yahoo.com,Phyllisland,2023-08-07
889,Chris Velazquez,amandaadams@yahoo.com,Mcneilville,2024-03-11
890,Kristen Sloan,donaldburgess@gmail.com,Marshallchester,2025-04-20
891,Jennifer Morris,danielmitchell@gmail.com,Taylortown,2023-09-05
892,Nathan Nelson,cmanning@gmail.com,Thomasview,2024-02-26
893,Jake Shaw,rmoyer@fisher.info,West Diana,2025-06-20
894,Cassie Brock,karen68@mclean.com,Summerville,2025-05-28
895,Dr. Andrea Marshall,martinezmaurice@saunders.com,Vasquezshire,2024-03-31
896,Ryan Murphy,vbray@gmail.com,East Jeffrey,2023-12-02
897,Aimee Gonzalez,froberts@gmail.com,Port Sheri,2025-01-25
898,Elizabeth Dean,christinadaniel@gmail.com,Lake Christopher,2023-10-22
899,Kevin Snyder,katie43@hoover.com,Lake Richardville,2023-12-10
900,Christie Mccullough,victoriagarza@hernandez.com,East John,2024-02-21
901,Danielle Smith,ronaldjensen@lin.biz,Markmouth,2025-04-10
902,David Reed,jeffreysimmons@gmail.com,Kathleenberg,2023-08-18
903,Sherry Tapia,torresjoseph@yahoo.com,Robertberg,2024-04-04
904,Matthew Sweeney,dwright@gmail.com,Lake Rebeccafurt,2024-10-24
905,Ashley Moreno,williamsjulie@mitchell.org,Port Jamesburgh,2025-06-03
906,Johnathan Brown,flopez@cook-rodriguez.com,East Cynthiabury,2024-02-28
907,Michelle Davis DVM,michael59@jacobs.org,South Marcus,2024-09-23
908,Kelly Haynes,eatondavid@hotmail.com,Webbstad,2025-05-30
909,William Miller,willisrhonda@roth.com,Lake Molly,2025-04-01
910,Casey Wilkins,kevin73@le.net,Hayesborough,2024-06-08
911,Keith Graham,patricia71@yahoo.com,Howellside,2024-07-01
912,Cynthia Green,gbarnes@jackson.com,Wilsonview,2024-03-17
913,Robert Haynes,sosabruce@hotmail.com,Matthewburgh,2024-12-25
914,Emily Nelson,isimpson@mata.biz,Matthewfort,2023-11-11
915,Dale Chan,nlawson@gmail.com,Alvaradomouth,2024-02-08
916,Brittney Martin,ashleyvargas@suarez.info,Bryanstad,2024-02-18
917,Jason Herrera,melissa44@hotmail.com,Mayside,2023-09-14
918,Christine Parker,jeffreyferguson@williams-hernandez.com,North Jeremy,2025-03-12
919,Bryan Moore,morgan03@nichols.com,Greerville,2024-09-06
920,Samantha Terry,christopher84@hotmail.com,Davidstad,2023-10-30
921,Russell Murphy,svillanueva@galloway-garrett.com,Shaunside,2025-05-27
922,David Kelly,jessicaramirez@yahoo.com,Port Teresaburgh,2025-05-11
923,Megan Green,sharphailey@scott.com,Wilkinshaven,2023-10-24
924,Amanda Sullivan MD,markharris@hotmail.com,East Mary,2023-11-01
925,Danielle Murray,seanblair@yahoo.com,Port Alvin,2024-05-15
926,Brenda Smith,racheldavis@gmail.com,Aliciaberg,2023-09-27
927,Vickie Anderson,lisathompson@hotmail.com,Port Amandaside,2024-08-14
928,Jacqueline Mccoy,deborahsmith@gmail.com,Lake Stacey,2025-06-03
929,Lauren Green,mmcdaniel@thomas.com,West Erik,2024-10-20
930,Alison Brown,hgarcia@gmail.com,Lake Cynthia,2024-05-11
931,Jill Anderson,grayandrew@hines.com,Port Sarah,2023-10-28
932,Sandra Rivera,kaylaadams@greene.com,New Sheri,2024-09-06
933,Joel Jackson,harristimothy@hotmail.com,Garrisonview,2024-08-30
934,Samantha Foster,kylemendoza@gmail.com,South Kennethhaven,2024-10-28
935,Michael Thompson,courtney10@garcia.com,Englishmouth,2024-06-26
936,Cody Ramirez,aaronwalker@gmail.com,Derekport,2024-12-22
937,Amanda Harvey,phernandez@yahoo.com,North Johnside,2024-02-01
938,Edward Jenkins,tmcdaniel@vasquez.com,Jasonland,2024-12-14
939,Amy Ramirez,michael95@ward.com,Port Robertberg,2025-04-16
940,Curtis Wilkerson,royrogers@shelton.com,Carsonbury,2025-05-29
941,Lydia Pham,nancy47@hotmail.com,Hartmanchester,2024-01-07
942,Virginia Casey,lisa10@gmail.com,Vargasbury,2023-09-24
943,Joshua Washington,dylan77@wilson.com,Chadview,2024-11-24
944,Kathryn Price,morrisdavid@gomez-snyder.info,South David,2023-10-19
945,Francis Robinson,devon36@yahoo.com,East Scott,2025-06-03
946,Paula Brown,opatel@yahoo.com,Kathleentown,2024-06-07
947,Kendra Wang DVM,xrose@shepherd.com,New Larryville,2023-09-11
948,Ariel Sandoval,victoriasmith@wells.com,Hallmouth,2025-02-03
949,Robert Stark,kenneththomas@hotmail.com,Lynnside,2023-07-28
950,Zachary Robinson,jasonwalker@hotmail.com,Hernandezmouth,2023-10-11
951,Rebecca Kelly,haydenjane@quinn-horton.biz,Stefanieton,2025-05-11
952,Sarah Thompson,mileselizabeth@gmail.com,Masseyview,2024-04-18
953,Renee Wolfe,anthonydiaz@gmail.com,Lake Stevenshire,2024-06-29
954,Alyssa Haynes,smithmariah@hernandez-white.com,Lake Heather,2024-04-17
955,Kristy Hart,vjenkins@yahoo.com,Blakebury,2024-07-02
956,William Keith,daniel00@potter.biz,North Whitneystad,2023-11-07
957,Eric Henry Jr.,samantha84@hotmail.com,Port Melissa,2025-02-12
958,Daniel Fox,rhuynh@boyd.com,Copelandchester,2023-07-13
959,Thomas Harris,robinsonisaiah@hotmail.com,Brownville,2024-09-25
960,Mitchell Sellers,pwoods@sullivan.com,Meganview,2024-12-13
961,Erica Johnson,josephgarcia@yahoo.com,Daniellemouth,2025-03-24
962,Sylvia Schroeder,allenfrancisco@gmail.com,Estradaview,2024-04-04
963,Shannon Yu,carlaavila@lopez-harris.com,Christopherville,2025-06-20
964,Tom Foster,christopher99@elliott.com,Sanchezfort,2024-06-04
965,Eric Taylor,christopher40@walton-benjamin.net,New Ryan,2024-09-24
966,Travis Conner,karen52@leonard.net,Daltonfort,2024-09-14
967,Marie Thompson,andrewflynn@willis-christian.com,Obrienfurt,2023-11-16
968,Melissa Mcfarland,faithmiller@davis.com,New Danielville,2024-06-09
969,Courtney Chapman,seth25@ward-chase.biz,North Tammybury,2025-05-22
970,Eric Barker,nallen@jones.info,Bettychester,2023-07-13
971,Nicholas Rush,thomasmonica@dillon.info,Higginston,2024-07-13
972,Jenna Gamble,sedwards@jones.com,Deborahmouth,2024-11-30
973,Amanda Guzman,jonesjennifer@yahoo.com,Berryhaven,2024-09-10
974,Tracy Walker,wgood@yahoo.com,South Lisachester,2024-03-21
975,Taylor Taylor,bonillatracy@trevino-morales.org,East Ashleytown,2025-05-15
976,Cynthia Haas,nrichardson@brooks-fleming.net,Coreychester,2024-03-17
977,Stephen Davis,natalie09@hotmail.com,Lake Stephenview,2023-09-02
978,Margaret Tanner,hollycastro@farrell.biz,Lorettastad,2025-05-16
979,Derek Wright,onash@sawyer-caldwell.com,Teresabury,2024-04-10
980,David Rodriguez,dday@gmail.com,Seanton,2023-08-20
981,James Oconnor,jessicalowery@tate-gonzalez.com,Stephenview,2023-11-12
982,Stacey Snyder,matthew97@park.com,East Angela,2023-10-10
983,Joshua Garcia,jjohnson@yahoo.com,Joystad,2024-10-24
984,Sean Curtis,lukejohnson@schroeder.biz,Port Vincent,2024-02-16
985,Carla Jones,brianparrish@hotmail.com,West Michaelside,2024-12-05
986,Elizabeth Flores,johnny21@gmail.com,West Maria,2024-04-28
987,Angela Jackson,richard47@warren-caldwell.com,Lake Christopherfurt,2025-06-09
988,Nicholas Payne,davisrachel@richmond-phillips.com,Christyburgh,2023-10-22
989,Anna Wheeler,iolson@hotmail.com,Harrisfort,2023-09-22
990,Karen Johnson,sgomez@price.org,Matthewmouth,2025-06-23
991,Carmen Preston,sharpbeth@morris.com,Kariburgh,2025-03-03
992,Brian Harris,peggypeck@lin-wilson.biz,Allenborough,2024-11-28
993,Michael Bowen,mcneilsherry@gmail.com,Reginaside,2023-11-28
994,Deborah Campbell,johnsonjulie@gmail.com,Katherineside,2024-11-01
995,Anthony Armstrong,carolynrobinson@gmail.com,South Christine,2024-03-03
996,Brittany Ward,woodmichael@mosley-shaw.com,East Clarencefurt,2024-02-10
997,Edward Stanley,wgutierrez@yahoo.com,Dustinmouth,2024-12-31
998,Christina Johnson,daniel27@yahoo.com,Randyfurt,2025-03-04
999,Edgar Miller,angelamartin@yahoo.com,Port Stephanieport,2025-02-27
1000,Elizabeth Sanders,megan64@hotmail.com,West Yvonnemouth,2023-08-31
